suite,config_or_algorithm,metric,mean,std,ci95_lo,ci95_hi,n,key
ablation,Full System (15 algorithms),retention,1.0000,0.0000,1.0000,1.0000,10,dQ=+0.0%
ablation,Full System (15 algorithms),precision5,0.9227,0.0078,0.9183,0.9273,10,p=None
ablation,Full System (15 algorithms),ndcg5,0.9195,0.0065,0.9158,0.9237,10,p=None
ablation,−Two-Factor Hebbian,retention,1.0000,0.0000,1.0000,1.0000,10,dQ=+0.0%
ablation,−Two-Factor Hebbian,precision5,0.9227,0.0078,0.9187,0.9272,10,p=1
ablation,−Two-Factor Hebbian,ndcg5,0.9195,0.0065,0.9158,0.9234,10,p=1
ablation,−Simulation-Selection Sleep,retention,0.7068,0.0085,0.7017,0.7119,10,dQ=-34.4%
ablation,−Simulation-Selection Sleep,precision5,0.8565,0.0195,0.8457,0.8683,10,p=0.005062153494364896
ablation,−Simulation-Selection Sleep,ndcg5,0.7980,0.0245,0.7834,0.8123,10,p=0.005062153494364896
ablation,−vmPFC-FSRS Coupling,retention,1.0000,0.0000,1.0000,1.0000,10,dQ=+0.0%
ablation,−vmPFC-FSRS Coupling,precision5,0.9227,0.0078,0.9183,0.9270,10,p=1
ablation,−vmPFC-FSRS Coupling,ndcg5,0.9195,0.0065,0.9158,0.9233,10,p=1
ablation,−iMAD Debate,retention,1.0000,0.0000,1.0000,1.0000,10,dQ=+0.0%
ablation,−iMAD Debate,precision5,0.9227,0.0078,0.9180,0.9275,10,p=1
ablation,−iMAD Debate,ndcg5,0.9195,0.0065,0.9160,0.9232,10,p=1
ablation,−Spectral KG Health,retention,1.0000,0.0000,1.0000,1.0000,10,dQ=+0.0%
ablation,−Spectral KG Health,precision5,0.9227,0.0078,0.9182,0.9272,10,p=1
ablation,−Spectral KG Health,ndcg5,0.9195,0.0065,0.9160,0.9236,10,p=1
ablation,−Compositional Context,retention,1.0000,0.0000,1.0000,1.0000,10,dQ=+0.0%
ablation,−Compositional Context,precision5,0.9227,0.0078,0.9183,0.9273,10,p=1
ablation,−Compositional Context,ndcg5,0.9195,0.0065,0.9160,0.9235,10,p=1
ablation,−IB Budget,retention,1.0000,0.0000,1.0000,1.0000,10,dQ=+0.0%
ablation,−IB Budget,precision5,0.9227,0.0078,0.9183,0.9275,10,p=1
ablation,−IB Budget,ndcg5,0.9195,0.0065,0.9162,0.9236,10,p=1
ablation,−Dual-Process CoT,retention,1.0000,0.0000,1.0000,1.0000,10,dQ=+0.0%
ablation,−Dual-Process CoT,precision5,0.9227,0.0078,0.9182,0.9277,10,p=1
ablation,−Dual-Process CoT,ndcg5,0.9195,0.0065,0.9159,0.9233,10,p=1
ablation,−Metacognitive HyperAgent,retention,1.0000,0.0000,1.0000,1.0000,10,dQ=+0.0%
ablation,−Metacognitive HyperAgent,precision5,0.9227,0.0078,0.9183,0.9275,10,p=1
ablation,−Metacognitive HyperAgent,ndcg5,0.9195,0.0065,0.9161,0.9236,10,p=1
ablation,−NeuromodulatorEngine,retention,1.0000,0.0000,1.0000,1.0000,10,dQ=-0.1%
ablation,−NeuromodulatorEngine,precision5,0.9220,0.0094,0.9168,0.9278,10,p=0.05
ablation,−NeuromodulatorEngine,ndcg5,0.9196,0.0075,0.9156,0.9242,10,p=0.05
ablation,−ReconsolidationEngine,retention,1.0000,0.0000,1.0000,1.0000,10,dQ=+0.0%
ablation,−ReconsolidationEngine,precision5,0.9227,0.0078,0.9185,0.9273,10,p=1
ablation,−ReconsolidationEngine,ndcg5,0.9195,0.0065,0.9159,0.9235,10,p=1
ablation,−TripleCopyMemory,retention,1.0000,0.0000,1.0000,1.0000,10,dQ=+0.0%
ablation,−TripleCopyMemory,precision5,0.9227,0.0078,0.9182,0.9275,10,p=1
ablation,−TripleCopyMemory,ndcg5,0.9195,0.0065,0.9157,0.9234,10,p=1
ablation,−PriorityMap,retention,1.0000,0.0000,1.0000,1.0000,10,dQ=-0.1%
ablation,−PriorityMap,precision5,0.9220,0.0094,0.9168,0.9278,10,p=0.05
ablation,−PriorityMap,ndcg5,0.9196,0.0075,0.9155,0.9245,10,p=0.05
ablation,−StabilityProtector,retention,1.0000,0.0000,1.0000,1.0000,10,dQ=+0.0%
ablation,−StabilityProtector,precision5,0.9227,0.0078,0.9183,0.9278,10,p=1
ablation,−StabilityProtector,ndcg5,0.9195,0.0065,0.9160,0.9232,10,p=1
ablation,−MetacognitiveMonitor,retention,1.0000,0.0000,1.0000,1.0000,10,dQ=+0.0%
ablation,−MetacognitiveMonitor,precision5,0.9227,0.0078,0.9182,0.9278,10,p=1
ablation,−MetacognitiveMonitor,ndcg5,0.9195,0.0065,0.9158,0.9235,10,p=1
ablation,No Algorithms (bare system),retention,0.0100,0.0000,0.0100,0.0100,10,dQ=-99.0%
ablation,No Algorithms (bare system),precision5,0.9220,0.0094,0.9165,0.9278,10,p=0.005062153494364896
ablation,No Algorithms (bare system),ndcg5,0.9196,0.0075,0.9157,0.9243,10,p=0.005062153494364896
ablation,No PMA (NeurIPS 9 only),retention,0.4229,0.0064,0.4188,0.4265,10,dQ=-67.5%
ablation,No PMA (NeurIPS 9 only),precision5,0.7087,0.0494,0.6822,0.7382,10,p=0.005062153494364896
ablation,No PMA (NeurIPS 9 only),ndcg5,0.6981,0.0471,0.6686,0.7229,10,p=0.005062153494364896
stress-ablation,Full System (stress),retention,0.7840,0.0046,0.7811,0.7866,10,dQ=+0.0%
stress-ablation,Full System (stress),precision5,0.8511,0.0253,0.8360,0.8656,10,p=None
stress-ablation,Full System (stress),qualityProxy,0.6673,0.0190,0.6560,0.6786,10,p=None
stress-ablation,−Two-Factor Hebbian (stress),retention,0.2626,0.0113,0.2554,0.2684,10,dQ=-92.3%
stress-ablation,−Two-Factor Hebbian (stress),precision5,0.1949,0.0316,0.1763,0.2113,10,p=0.005062153494364896
stress-ablation,−Two-Factor Hebbian (stress),qualityProxy,0.0512,0.0085,0.0462,0.0556,10,p=0.005062153494364896
stress-ablation,−Simulation-Selection Sleep (stress),retention,0.1813,0.0017,0.1804,0.1823,10,dQ=-78.9%
stress-ablation,−Simulation-Selection Sleep (stress),precision5,0.7756,0.0280,0.7593,0.7912,10,p=0.005062153494364896
stress-ablation,−Simulation-Selection Sleep (stress),qualityProxy,0.1406,0.0047,0.1377,0.1437,10,p=0.005062153494364896
stress-ablation,−vmPFC-FSRS Coupling (stress),retention,0.2548,0.0116,0.2473,0.2615,10,dQ=-92.6%
stress-ablation,−vmPFC-FSRS Coupling (stress),precision5,0.1949,0.0316,0.1751,0.2116,10,p=0.005062153494364896
stress-ablation,−vmPFC-FSRS Coupling (stress),qualityProxy,0.0496,0.0082,0.0446,0.0537,10,p=0.005062153494364896
stress-ablation,−iMAD Debate (stress),retention,0.7840,0.0046,0.7812,0.7865,10,dQ=+0.0%
stress-ablation,−iMAD Debate (stress),precision5,0.8511,0.0253,0.8346,0.8644,10,p=1
stress-ablation,−iMAD Debate (stress),qualityProxy,0.6673,0.0190,0.6561,0.6781,10,p=1
stress-ablation,−Spectral KG Health (stress),retention,0.7840,0.0046,0.7816,0.7866,10,dQ=+0.0%
stress-ablation,−Spectral KG Health (stress),precision5,0.8511,0.0253,0.8356,0.8660,10,p=1
stress-ablation,−Spectral KG Health (stress),qualityProxy,0.6673,0.0190,0.6563,0.6779,10,p=1
stress-ablation,−Compositional Context (stress),retention,0.7840,0.0046,0.7811,0.7867,10,dQ=+0.0%
stress-ablation,−Compositional Context (stress),precision5,0.8511,0.0253,0.8363,0.8647,10,p=1
stress-ablation,−Compositional Context (stress),qualityProxy,0.6673,0.0190,0.6562,0.6772,10,p=1
stress-ablation,−IB Budget (stress),retention,0.3491,0.0142,0.3395,0.3574,10,dQ=-89.8%
stress-ablation,−IB Budget (stress),precision5,0.1949,0.0316,0.1754,0.2124,10,p=0.005062153494364896
stress-ablation,−IB Budget (stress),qualityProxy,0.0680,0.0113,0.0606,0.0740,10,p=0.005062153494364896
stress-ablation,−Dual-Process CoT (stress),retention,0.3096,0.0121,0.3021,0.3162,10,dQ=-91.0%
stress-ablation,−Dual-Process CoT (stress),precision5,0.1949,0.0316,0.1750,0.2106,10,p=0.005062153494364896
stress-ablation,−Dual-Process CoT (stress),qualityProxy,0.0603,0.0100,0.0542,0.0656,10,p=0.005062153494364896
stress-ablation,−Metacognitive HyperAgent (stress),retention,0.7840,0.0046,0.7812,0.7865,10,dQ=+0.0%
stress-ablation,−Metacognitive HyperAgent (stress),precision5,0.8511,0.0253,0.8348,0.8650,10,p=1
stress-ablation,−Metacognitive HyperAgent (stress),qualityProxy,0.6673,0.0190,0.6561,0.6780,10,p=1
stress-ablation,−NeuromodulatorEngine (stress),retention,0.1258,0.0000,0.1258,0.1258,10,dQ=-83.0%
stress-ablation,−NeuromodulatorEngine (stress),precision5,0.9007,0.0178,0.8916,0.9120,10,p=0.005062153494364896
stress-ablation,−NeuromodulatorEngine (stress),qualityProxy,0.1133,0.0022,0.1120,0.1148,10,p=0.005062153494364896
stress-ablation,−ReconsolidationEngine (stress),retention,0.7675,0.0051,0.7641,0.7701,10,dQ=-3.4%
stress-ablation,−ReconsolidationEngine (stress),precision5,0.8396,0.0276,0.8228,0.8544,10,p=0.005062153494364896
stress-ablation,−ReconsolidationEngine (stress),qualityProxy,0.6443,0.0200,0.6315,0.6558,10,p=0.005062153494364896
stress-ablation,−TripleCopyMemory (stress),retention,0.2145,0.0171,0.2040,0.2233,10,dQ=-93.7%
stress-ablation,−TripleCopyMemory (stress),precision5,0.1949,0.0316,0.1754,0.2114,10,p=0.005062153494364896
stress-ablation,−TripleCopyMemory (stress),qualityProxy,0.0418,0.0074,0.0372,0.0459,10,p=0.005062153494364896
stress-ablation,−PriorityMap (stress),retention,0.7840,0.0046,0.7812,0.7868,10,dQ=+2.0%
stress-ablation,−PriorityMap (stress),precision5,0.8682,0.0241,0.8549,0.8813,10,p=0.005062153494364896
stress-ablation,−PriorityMap (stress),qualityProxy,0.6807,0.0186,0.6702,0.6921,10,p=0.005062153494364896
stress-ablation,−StabilityProtector (stress),retention,0.7568,0.0053,0.7535,0.7596,10,dQ=-5.8%
stress-ablation,−StabilityProtector (stress),precision5,0.8310,0.0251,0.8156,0.8459,10,p=0.005062153494364896
stress-ablation,−StabilityProtector (stress),qualityProxy,0.6288,0.0178,0.6177,0.6389,10,p=0.005062153494364896
stress-ablation,−MetacognitiveMonitor (stress),retention,0.7840,0.0046,0.7811,0.7864,10,dQ=+0.0%
stress-ablation,−MetacognitiveMonitor (stress),precision5,0.8511,0.0253,0.8341,0.8644,10,p=1
stress-ablation,−MetacognitiveMonitor (stress),qualityProxy,0.6673,0.0190,0.6558,0.6780,10,p=1
stress-ablation,No Algorithms (stress),retention,0.0100,0.0000,0.0100,0.0100,10,dQ=-98.7%
stress-ablation,No Algorithms (stress),precision5,0.9007,0.0175,0.8904,0.9107,10,p=0.005062153494364896
stress-ablation,No Algorithms (stress),qualityProxy,0.0090,0.0002,0.0089,0.0091,10,p=0.005062153494364896
comparison,Static RAG,P@5,0.3464,0.1358,0.3344,0.3588,500,
comparison,Static RAG,R@5,0.9263,0.1630,0.9117,0.9393,500,
comparison,Static RAG,MRR,0.9640,0.1399,0.9503,0.9755,500,
comparison,Simple Memory,P@5,0.1632,0.1584,0.1500,0.1772,500,
comparison,Simple Memory,R@5,0.4287,0.4049,0.3943,0.4643,500,
comparison,Simple Memory,MRR,0.5806,0.4835,0.5381,0.6188,500,
comparison,Full ZenAI,P@5,0.3448,0.1352,0.3328,0.3568,500,
comparison,Full ZenAI,R@5,0.9233,0.1665,0.9087,0.9377,500,
comparison,Full ZenAI,MRR,0.9685,0.1310,0.9560,0.9797,500,
pma-benchmark,NeuromodulatorEngine,mean_tonic_drift,0.469387,0.000462,0.469082,0.469669,10,
pma-benchmark,NeuromodulatorEngine,da_5ht_opposition,-0.130123,0.000028,-0.130140,-0.130107,10,
pma-benchmark,ReconsolidationEngine,pe_mode_accuracy,0.950000,0.000000,0.950000,0.950000,10,
pma-benchmark,ReconsolidationEngine,contradiction_detection_accuracy,1.000000,0.000000,1.000000,1.000000,5,
pma-benchmark,TripleCopyMemory,retention_1h,0.727371,0.034840,0.706992,0.748377,10,
pma-benchmark,TripleCopyMemory,retention_6h,0.716628,0.034325,0.695373,0.737289,10,
pma-benchmark,TripleCopyMemory,retention_1d,0.679247,0.032535,0.659626,0.698740,10,
pma-benchmark,TripleCopyMemory,retention_3d,0.588824,0.028204,0.572473,0.605375,10,
pma-benchmark,TripleCopyMemory,retention_7d,0.694516,0.033266,0.674947,0.716218,10,
pma-benchmark,TripleCopyMemory,retention_14d,0.879120,0.042108,0.853190,0.906074,10,
pma-benchmark,TripleCopyMemory,retention_30d,0.911579,0.043663,0.884015,0.940750,10,
pma-benchmark,TripleCopyMemory,copy_dominance_transitions,1.000000,0.000000,1.000000,1.000000,3,
pma-benchmark,PriorityMap,ndcg_at_10,0.996534,0.002382,0.995015,0.997890,10,
pma-benchmark,PriorityMap,chrono_ndcg_at_10,0.679619,0.067839,0.638595,0.722612,10,
pma-benchmark,PriorityMap,amygdala_fast_path,0.500000,0.000000,0.500000,0.500000,1,
pma-benchmark,StabilityProtector,false_positive_rate,0.288000,0.029257,0.270500,0.306500,10,
pma-benchmark,StabilityProtector,low_pe_block_rate,1.000000,0.000000,1.000000,1.000000,10,
pma-benchmark,StabilityProtector,grey_zone_pass_rate,0.612000,0.029513,0.594000,0.629000,10,
pma-benchmark,MetacognitiveMonitor,confirmation_bias_precision,0.832020,0.062192,0.795575,0.871217,10,
pma-benchmark,MetacognitiveMonitor,confirmation_bias_recall,0.975460,0.026579,0.958244,0.991667,10,
pma-benchmark,MetacognitiveMonitor,urgency_detection,1.000000,0.000000,1.000000,1.000000,3,
pma-benchmark,EmotionalTAG,tag_delta_emotional_vs_neutral,0.106500,0.000000,0.106500,0.106500,1,
pma-benchmark,EmotionalTAG,pma_enabled_vs_disabled,0.037000,0.000000,0.037000,0.037000,1,
pma-benchmark,AmygdalaFastPath,floor_enforcement,0.500000,0.000000,0.500000,0.500000,5,
pma-benchmark,AmygdalaFastPath,priority_gap_over_time,0.394399,0.000000,0.394399,0.394399,5,
pma-benchmark,EWC,penalty_ratio_important_vs_unimportant,18.000000,0.000000,18.000000,18.000000,1,
pma-benchmark,EWC,mature_edge_protection,226.874724,0.000000,226.874724,226.874724,1,
pma-benchmark,vmPFC-FSRS,interval_adaptation_range,1.667009,0.000000,1.667009,1.667009,1,
pma-benchmark,vmPFC-FSRS,kg_prediction_error_discrimination,0.258406,0.000000,0.258406,0.258406,1,
pma-benchmark,IB-Budget,retention_by_context,0.665000,0.000000,0.000000,0.000000,200,
integration-cascade,emotional_vs_neutral_survival,retention_delta_60d,0.846974,0.000134,0.846894,0.847052,10,
integration-cascade,neuromodulation_two_factor_synergy,retention_advantage,0.367745,0.016700,0.357976,0.378643,10,
integration-cascade,full_vs_subsets,retention_comparison,0.310986,0.021255,0.298288,0.324114,10,
integration-cascade,temporal_emergence,retention_timeline,0.310986,0.000000,0.000000,0.000000,8,
integration-cascade,emotional_advantage_timeline,retention_gap_over_time,0.846974,0.000000,0.000000,0.000000,5,
integration-cascade,sleep_consolidation_criticality,retention_with_vs_without_sleep,0.149250,0.019517,0.138681,0.160978,10,
integration-cascade,spectral_health_fiedler_consolidation,fiedler_delta_after_sleep,0.050760,0.020431,0.038850,0.062041,10,
